ActiveUsers,BitcoinPrice,Date
20341,11438.1,2018-01-22 14:04:08
20418,11445.1,2018-01-22 14:09:09
20248,11384.4,2018-01-22 14:14:11
20593,11307.3,2018-01-22 14:19:12
21496,11170.7,2018-01-22 14:24:13
22397,11056.7,2018-01-22 14:29:14
22802,11004.1,2018-01-22 14:34:15
23093,10927.1,2018-01-22 14:39:16
22991,10851.6,2018-01-22 14:44:17
23370,10830.7,2018-01-22 14:49:18
24287,10729.8,2018-01-22 14:54:19
24750,10686.8,2018-01-22 14:59:22
24878,10699.1,2018-01-22 15:04:23
24797,10756.9,2018-01-22 15:09:24
24737,10793.1,2018-01-22 15:14:25
24557,10830.8,2018-01-22 15:19:27
24715,10828.4,2018-01-22 15:24:29
24601,10824.1,2018-01-22 15:29:31
24120,10842.7,2018-01-22 15:34:33
23179,10894.0,2018-01-22 15:39:34
23238,10931.6,2018-01-22 15:44:35
23250,10956.1,2018-01-22 15:49:37
23682,10888.3,2018-01-22 15:54:38
23436,10838.4,2018-01-22 15:59:39
24409,10794.0,2018-01-22 16:04:40
24526,10793.1,2018-01-22 16:09:41
23562,10745.2,2018-01-22 16:14:43
22766,10709.2,2018-01-22 16:19:44
22471,10688.0,2018-01-22 16:24:45
22275,10717.5,2018-01-22 16:29:46
21844,10753.7,2018-01-22 16:34:47
21037,10751.2,2018-01-22 16:39:49
20289,10747.8,2018-01-22 16:44:51
20495,10709.5,2018-01-22 16:49:52
21230,10662.2,2018-01-22 16:54:53
21882,10583.0,2018-01-22 16:59:55
22190,10505.2,2018-01-22 17:04:56
22782,10455.7,2018-01-22 17:09:57
23213,10499.2,2018-01-22 17:14:58
22910,10525.6,2018-01-22 17:19:59
22526,10554.2,2018-01-22 17:25:01
22842,10570.5,2018-01-22 17:30:02
23723,10602.8,2018-01-22 17:35:03
23238,10633.3,2018-01-22 17:40:05
22302,10641.2,2018-01-22 17:45:06
22360,10682.8,2018-01-22 17:50:07
22415,10715.3,2018-01-22 17:55:08
22326,10708.5,2018-01-22 18:00:10
21935,10672.3,2018-01-22 18:05:11
22670,10713.6,2018-01-22 18:10:12
22849,10745.8,2018-01-22 18:15:13
22673,10745.8,2018-01-22 18:20:14
21986,10743.1,2018-01-22 18:25:16
22545,10729.4,2018-01-22 18:30:17
22641,10730.7,2018-01-22 18:35:18
23946,10749.2,2018-01-22 18:40:20
22721,10784.8,2018-01-22 18:45:21
23861,10825.9,2018-01-22 18:50:22
23094,10827.1,2018-01-22 18:55:24
22498,10715.1,2018-01-22 19:00:25
22857,10677.4,2018-01-22 19:05:27
22256,10656.2,2018-01-22 19:10:28
20561,10639.6,2018-01-22 19:15:29
22189,10621.9,2018-01-22 19:20:30
22562,10621.9,2018-01-22 19:25:32
22593,10655.3,2018-01-22 19:30:33
21944,10693.8,2018-01-22 19:35:34
21378,10714.8,2018-01-22 19:40:35
20919,10728.1,2018-01-22 19:45:36
20947,10742.1,2018-01-22 19:50:37
20830,10728.6,2018-01-22 19:55:38
20720,10641.8,2018-01-22 20:00:40
20262,10591.2,2018-01-22 20:05:41
20904,10583.2,2018-01-22 20:10:43
21321,10607.1,2018-01-22 20:15:44
22042,10650.3,2018-01-22 20:20:47
21244,10648.7,2018-01-22 20:25:48
20873,10654.5,2018-01-22 20:30:50
20390,10654.5,2018-01-22 20:35:51
20523,10612.3,2018-01-22 20:40:52
20530,10587.4,2018-01-22 20:45:53
20221,10588.7,2018-01-22 20:50:54
20112,10623.5,2018-01-22 20:55:56
20064,10692.8,2018-01-22 21:00:57
20193,10679.6,2018-01-22 21:05:58
20352,10694.5,2018-01-22 21:10:59
20833,10688.4,2018-01-22 21:16:00
21001,10684.7,2018-01-22 21:21:02
20694,10650.7,2018-01-22 21:26:04
21106,10561.7,2018-01-22 21:31:05
21668,10514.3,2018-01-22 21:36:06
22124,10510.2,2018-01-22 21:41:07
21777,10545.1,2018-01-22 21:46:08
21395,10568.3,2018-01-22 21:51:10
20720,10538.7,2018-01-22 21:56:11
20561,10514.8,2018-01-22 22:01:12
20862,10524.2,2018-01-22 22:06:14
21648,10477.4,2018-01-22 22:11:15
22073,10444.9,2018-01-22 22:16:16
23151,10357.0,2018-01-22 22:21:17
23329,10323.8,2018-01-22 22:26:18
22962,10326.5,2018-01-22 22:31:20
22123,10312.1,2018-01-22 22:36:21
21753,10310.7,2018-01-22 22:41:22
21921,10282.0,2018-01-22 22:46:23
22713,10249.6,2018-01-22 22:51:24
22499,10240.2,2018-01-22 22:56:26
22209,10298.6,2018-01-22 23:01:27
21488,10360.4,2018-01-22 23:06:28
21465,10424.6,2018-01-22 23:11:29
21697,10526.8,2018-01-22 23:16:30
21096,10560.3,2018-01-22 23:21:31
21373,10567.0,2018-01-22 23:26:33
21536,10526.3,2018-01-22 23:31:34
21227,10530.8,2018-01-22 23:36:35
20902,10565.2,2018-01-22 23:41:36
20798,10608.9,2018-01-22 23:46:37
20653,10666.0,2018-01-22 23:51:38
20139,10695.3,2018-01-22 23:56:39
20135,10746.5,2018-01-23 00:01:40
20279,10807.5,2018-01-23 00:06:41
20687,10796.2,2018-01-23 00:11:42
20415,10787.6,2018-01-23 00:16:43
20561,10753.3,2018-01-23 00:21:45
19767,10762.4,2018-01-23 00:26:46
19962,10751.6,2018-01-23 00:31:47
19568,10748.5,2018-01-23 00:36:48
19211,10768.9,2018-01-23 00:41:50
18686,10837.0,2018-01-23 00:46:51
18046,10904.8,2018-01-23 00:51:52
17760,10931.2,2018-01-23 00:56:54
17483,10931.4,2018-01-23 01:01:55
17145,10944.5,2018-01-23 01:06:56
16867,10934.8,2018-01-23 01:11:58
16947,10944.3,2018-01-23 01:16:59
17155,10953.4,2018-01-23 01:22:00
16989,10928.9,2018-01-23 01:27:01
17595,10881.2,2018-01-23 01:32:03
18028,10850.4,2018-01-23 01:37:04
17815,10852.9,2018-01-23 01:42:05
16281,10891.1,2018-01-23 01:47:06
15340,10849.2,2018-01-23 01:52:07
15185,10833.1,2018-01-23 01:57:08
15117,10802.5,2018-01-23 02:02:09
15911,10835.1,2018-01-23 02:07:10
15826,10880.8,2018-01-23 02:12:11
15923,10957.3,2018-01-23 02:17:13
15964,10958.1,2018-01-23 02:22:14
16395,10956.2,2018-01-23 02:27:15
16750,10925.4,2018-01-23 02:32:16
17178,10946.5,2018-01-23 02:37:17
17374,10942.0,2018-01-23 02:42:18
17580,10930.2,2018-01-23 02:47:19
17536,10908.4,2018-01-23 02:52:20
16895,10896.4,2018-01-23 02:57:21
16862,10857.7,2018-01-23 03:02:22
16862,10823.8,2018-01-23 03:07:24
16434,10817.3,2018-01-23 03:12:25
15761,10791.3,2018-01-23 03:17:26
15530,10822.9,2018-01-23 03:22:27
15998,10835.1,2018-01-23 03:27:28
16643,10844.0,2018-01-23 03:32:29
16280,10864.5,2018-01-23 03:37:30
16342,10892.7,2018-01-23 03:42:31
16105,10907.4,2018-01-23 03:47:32
15947,10898.9,2018-01-23 03:52:33
16006,10901.5,2018-01-23 03:57:34
15649,10884.5,2018-01-23 04:02:36
15112,10899.9,2018-01-23 04:07:37
14746,10906.6,2018-01-23 04:12:38
15248,10933.3,2018-01-23 04:17:39
15119,10942.7,2018-01-23 04:22:40
14894,10942.0,2018-01-23 04:27:42
14442,10957.7,2018-01-23 04:32:43
14375,10977.7,2018-01-23 04:37:44
14480,10994.8,2018-01-23 04:42:45
14574,11009.4,2018-01-23 04:47:46
15030,11021.1,2018-01-23 04:52:47
15416,11054.2,2018-01-23 04:57:48
15748,11053.8,2018-01-23 05:02:50
16161,11041.0,2018-01-23 05:07:51
16673,11026.2,2018-01-23 05:12:52
16678,10991.9,2018-01-23 05:17:53
16319,10983.8,2018-01-23 05:22:54
16569,10943.8,2018-01-23 05:27:55
16011,10910.7,2018-01-23 05:32:56
15117,10900.4,2018-01-23 05:37:57
13897,10891.0,2018-01-23 05:42:59
13814,10900.5,2018-01-23 05:48:00
13553,10912.0,2018-01-23 05:53:01
13155,10911.5,2018-01-23 05:58:02
12772,10869.4,2018-01-23 06:03:03
12785,10803.4,2018-01-23 06:08:04
13791,10707.2,2018-01-23 06:13:05
14506,10617.4,2018-01-23 06:18:06
15079,10535.2,2018-01-23 06:23:07
15094,10499.0,2018-01-23 06:28:08
15622,10495.2,2018-01-23 06:33:09
15439,10490.9,2018-01-23 06:38:10
14946,10516.0,2018-01-23 06:43:12
14858,10535.6,2018-01-23 06:48:13
15774,10509.2,2018-01-23 06:53:14
15855,10499.6,2018-01-23 06:58:15
15589,10510.6,2018-01-23 07:03:16
14685,10503.3,2018-01-23 07:08:17
14541,10526.1,2018-01-23 07:13:18
14743,10542.9,2018-01-23 07:18:19
15424,10602.3,2018-01-23 07:23:21
18590,10634.4,2018-01-23 07:28:22
17867,10662.4,2018-01-23 07:33:23
17302,10641.6,2018-01-23 07:38:24
14663,10613.2,2018-01-23 07:43:25
14852,10567.9,2018-01-23 07:48:26
14254,10515.5,2018-01-23 07:53:27
13572,10477.6,2018-01-23 07:58:28
13756,10475.9,2018-01-23 08:03:29
13938,10483.1,2018-01-23 08:08:30
13565,10459.2,2018-01-23 08:13:32
14352,10441.0,2018-01-23 08:18:33
14719,10368.6,2018-01-23 08:23:34
14869,10354.7,2018-01-23 08:28:35
18148,10352.9,2018-01-23 08:33:37
18139,10395.1,2018-01-23 08:38:38
18199,10406.2,2018-01-23 08:43:39
14900,10446.0,2018-01-23 08:48:40
14863,10440.7,2018-01-23 08:53:41
15084,10432.7,2018-01-23 08:58:42
16364,10411.0,2018-01-23 09:03:43
15742,10392.8,2018-01-23 09:08:45
13434,10404.7,2018-01-23 09:13:46
14660,10430.9,2018-01-23 09:18:47
14940,10518.6,2018-01-23 09:23:48
15034,10562.4,2018-01-23 09:28:49
16244,10550.2,2018-01-23 09:33:50
16429,10570.6,2018-01-23 09:38:51
16834,10590.8,2018-01-23 09:43:52
16548,10625.2,2018-01-23 09:48:53
16084,10681.7,2018-01-23 09:53:54
14519,10718.2,2018-01-23 09:58:55
14212,10779.6,2018-01-23 10:03:56
14546,10770.5,2018-01-23 10:08:58
14097,10759.7,2018-01-23 10:13:59
14826,10727.1,2018-01-23 10:19:00
15366,10715.7,2018-01-23 10:24:01
16617,10754.8,2018-01-23 10:29:02
15902,10755.4,2018-01-23 10:34:03
15273,10741.2,2018-01-23 10:39:04
15110,10690.4,2018-01-23 10:44:05
15321,10640.4,2018-01-23 10:49:07
15758,10597.7,2018-01-23 10:54:08
15713,10581.6,2018-01-23 10:59:09
15753,10559.3,2018-01-23 11:04:10
15646,10577.6,2018-01-23 11:09:11
17336,10599.4,2018-01-23 11:14:12
17588,10627.8,2018-01-23 11:19:13
17769,10639.0,2018-01-23 11:24:14
16046,10593.5,2018-01-23 11:29:15
16150,10542.5,2018-01-23 11:34:16
15452,10471.6,2018-01-23 11:39:17
13649,10459.3,2018-01-23 11:44:19
13440,10452.0,2018-01-23 11:49:20
13568,10469.6,2018-01-23 11:54:21
13760,10487.3,2018-01-23 11:59:22
14066,10457.7,2018-01-23 12:04:23
13705,10455.3,2018-01-23 12:09:24
15220,10472.6,2018-01-23 12:14:25
14570,10503.8,2018-01-23 12:19:26
14833,10460.0,2018-01-23 12:24:27
14081,10436.6,2018-01-23 12:29:28
14554,10360.8,2018-01-23 12:34:29
15042,10339.3,2018-01-23 12:39:30
16323,10279.1,2018-01-23 12:44:31
16576,10270.0,2018-01-23 12:49:32
16744,10212.2,2018-01-23 12:54:34
15551,10150.3,2018-01-23 12:59:35
15546,10129.7,2018-01-23 13:04:36
15378,10184.9,2018-01-23 13:09:37
15686,10246.0,2018-01-23 13:14:38
15597,10272.1,2018-01-23 13:19:39
15516,10253.2,2018-01-23 13:24:41
15716,10239.5,2018-01-23 13:29:43
15975,10276.9,2018-01-23 13:34:44
15966,10349.5,2018-01-23 13:39:45
15256,10395.6,2018-01-23 13:44:46
15470,10395.9,2018-01-23 13:49:47
15678,10413.9,2018-01-23 13:54:48
15057,10392.8,2018-01-23 13:59:49
14587,10356.2,2018-01-23 14:04:50
